<?xml version="1.0" encoding="utf-8"?>

<scene version="0.6.0">
	<integrator type="path_layered">
		<integer name="maxDepth" value="100"/>
		<integer name="rrDepth" value="20"/>
	</integrator>

	<bsdf type="multilayered" id="cloth">
		<boolean name="bidir" value="true"/>
		<string name="pdf" value="bidirStochTRT"/>
		<integer name="stochPdfDepth" value="2"/>
		<integer name="pdfRepetitive" value="3"/>
		<float name="diffusePdf" value="0.1"/>
		<float name="maxSurvivalProb" value="1"/>
		
		<integer name="nbLayers" value="2"/>

		<bsdf type="roughdielectric" name="surface_0">
			<float name="extIOR" value="1.0"/>
			<float name="intIOR" value="1.001"/>
			<float name="alpha" value="0.005"/>
		</bsdf>
					
		<boolean name="aniso_0" value="true"/>
		<float name="density_0" value="1"/>
		<spectrum name="albedo_0" value="0.7 0.1 0.1"/>		
        <texture name="orientation_tex_0" type="instancedtexture">      
        	<string name="uvTransform" value="1 0 0 -1"/>    
			<integer name="divideX" value="6"/>
			<integer name="divideY" value="6"/>
			<integer name="tileX" value="400"/>
			<integer name="tileY" value="600"/>
			<string name="blockFile" value="textures/gabardine_400x600_tiled.dat"/>         
            <texture type="bitmap">
                <string name="filename" value="textures/orientation_5.exr"/>
                <string name="filterType" value="nearest"/>
            </texture>
        </texture>
        <phase type="microflake" name="phase_0">
			<float name="stddev" value="0.1"/>
		</phase>

		<bsdf type="diffuse" name="surface_1">
			<spectrum name="reflectance" value="0.7 0.1 0.1"/>
 		</bsdf>
	</bsdf>

	<shape type="obj">
		<string name="filename" value="meshes/gabardine.obj"/>
		<ref id="cloth"/>
	</shape>	

	<shape type="rectangle">
		<boolean name="flipNormals" value="true"/>
		<transform name="toWorld">
			<scale x="4" y="4"/>
			<translate x="20" y="-20" z="50"/>
		</transform>
		<emitter type="area">
			<spectrum name="radiance" value="125"/>
		</emitter>
		<bsdf type="diffuse">
			<spectrum name="reflectance" value="0"/>
		</bsdf>
	</shape>

	<shape type="obj">
		<string name="filename" value="meshes/plane.obj"/>
		<bsdf type="diffuse">
			<texture name="reflectance" type="bitmap">
				<string name="filename" value="textures/concrete.jpg"/>
			</texture>
		</bsdf>
		<transform name="toWorld">
			<scale x="40" y="40"/>
			<translate z="-0.1152"/>
		</transform>
	</shape>

	<sensor type="perspective">
		<string name="fovAxis" value="smaller"/>
		<transform name="toWorld">
			<lookAt origin="80 -80 50" target="0 0 10" up="-1 1 4"/>
		</transform>
		<float name="fov" value="17.5"/>
		<sampler type="independent">
			<integer name="sampleCount" value="256"/>
		</sampler>
		<film id="film" type="hdrfilm">
            <boolean name="banner" value="false" />
			<!-- full -->
			<integer name="width" value="640"/>
			<integer name="height" value="540"/>

			<!-- inset -->			
<!-- 			<integer name="width" value="12800"/>
			<integer name="height" value="7200"/>
			<integer name="cropOffsetX" value="5600"/>
			<integer name="cropOffsetY" value="3700"/>
			<integer name="cropWidth" value="640"/>
			<integer name="cropHeight" value="540"/> -->
			
		</film>
	</sensor>		
</scene>

