<?xml version="1.0" encoding="utf-8"?>

<scene version="0.6.0">
	
<!-- 	<integrator type="mlt">
		<integer name="maxDepth" value="-1"/>
		<boolean name="manifoldPerturbation" value="true"/>
	</integrator> -->

<!-- 	<integrator type="bdpt">
		<integer name="maxDepth" value="-1"/>
		<integer name="rrDepth" value="50"/>		
	</integrator> -->

	<integrator type="volpath">
		<integer name="maxDepth" value="-1"/>
		<integer name="rrDepth" value="50"/>		
	</integrator>

	<sensor type="perspective">
		<string name="fovAxis" value="smaller"/>
		<float name="fov" value="15"/>
		
		<transform name="toWorld">
			<lookAt origin="0 -400 400" target="0 0 0" up="0 1 0"/>
		</transform>	

		<sampler type="independent">
			<integer name="sampleCount" value="102400"/>
		</sampler>	
 		
 		<film id="film" type="hdrfilm">
			<integer name="width" value="256"/>
			<integer name="height" value="256"/>
			<string name="fileFormat" value="openexr"/>
			<boolean name="banner" value="false"/>
		</film>
	</sensor>

	<medium type="homogeneous" id="medIso0">
		<spectrum name="sigmaT" value="0.5"/>
		<spectrum name="albedo" value="0.5 0.7 0.95"/>
		<phase type="hg">
			<float name="g" value="0.5"/>
		</phase>
	</medium>

	<medium type="homogeneous" id="medIso1">
		<spectrum name="sigmaT" value="0.5"/>
		<spectrum name="albedo" value="0.5 0.95 0.5"/>
		<phase type="hg">
			<float name="g" value="0.5"/>
		</phase>
	</medium>

	<medium type="homogeneous_aniso" id="medAniso0">
		<float name="density" value="0.5"/>
		<spectrum name="albedo" value="0.5 0.7 0.95"/>
		<vector name="orientation" x="0.5" y="0.5" z="0"/>
		<phase type="microflake">
			<float name="stddev" value="0.05"/>
			<boolean name="computeAvgCosine" value="true"/>
		</phase>
	</medium>

	<medium type="homogeneous_aniso" id="medAniso1">
		<float name="density" value="0.5"/>
		<spectrum name="albedo" value="0.5 0.95 0.5"/>
		<vector name="orientation" x="0.5" y="-0.5" z="0"/>
		<phase type="microflake">
			<float name="stddev" value="0.05"/>
			<boolean name="computeAvgCosine" value="true"/>
		</phase>
	</medium>

	<shape type="rectangle" id="topsurface">
		<transform name="toWorld">
			<scale x="200" y="200"/>
			<rotate x="1" angle="0"/>
			<translate x="0" y="0" z="0"/>
		</transform>

		<bsdf type="roughdielectric">
			<float name="extIOR" value="1.0"/>
			<float name="intIOR" value="1.5"/>
			<float name="alphaU" value="0.05"/>
			<float name="alphaV" value="0.25"/>
		</bsdf>	
		
		<ref id="medAniso0" name="interior"/>
	</shape>

	<shape type="rectangle" id="middlesurface">
		<transform name="toWorld">
			<scale x="200" y="200"/>
			<rotate x="1" angle="0"/>
			<translate x="0" y="0" z="-1"/>
		</transform>

		<bsdf type="roughdielectric">
			<float name="extIOR" value="1.5"/>
			<float name="intIOR" value="1.2"/>
			<float name="alpha" value="0.01"/>
		</bsdf>	

		<ref id="medAniso0" name="exterior"/>
		<ref id="medAniso1" name="interior"/>
	</shape>

	<shape type="rectangle" id="bottomsurface">
		<transform name="toWorld">
			<scale x="200" y="200"/>
			<rotate x="1" angle="0"/>
			<translate x="0" y="0" z="-2"/>
		</transform>		

		<bsdf type="roughconductor">
			<float name="alpha" value="0.05"/>
		</bsdf>	
	</shape>


	<shape type="sphere">
		<transform name="toWorld">
			<scale value="10"/>
			<translate x="0" y="100" z="100"/>
		</transform>

		<bsdf type="diffuse"/>
		
		<emitter type="area">
			<spectrum name="radiance" value="50"/>
		</emitter>
	</shape>


</scene>
