<?xml version="1.0" encoding="utf-8"?>

<scene version="0.6.0">
	
	<integrator type="path_layered">
		<integer name="maxDepth" value="100"/>
		<integer name="rrDepth" value="20"/>
	</integrator>

	<sensor type="perspective">
		<string name="fovAxis" value="smaller"/>
		<float name="fov" value="60"/>
		
		<transform name="toWorld">
			<lookAt origin="0 -30 300" target="0 0 0" up="0 0 1"/>
		</transform>	

		<sampler type="independent">
			<integer name="sampleCount" value="1024"/>
		</sampler>	
 		
 		<film id="film" type="hdrfilm">
			<integer name="width" value="512"/>
			<integer name="height" value="512"/>
			<string name="fileFormat" value="openexr"/>
			<boolean name="banner" value="false"/>
		</film>
	</sensor>

    <emitter type="constant">
    	<spectrum name="radiance" value="0.5"/>
    </emitter>

    <shape type="sphere">
        <transform name="toWorld">
            <scale value="150"/>
            <translate x="600" y="400" z="800"/>
        </transform>
        <emitter type="area">
            <spectrum name="radiance" value="20"/> 
        </emitter>
    </shape>

	<shape type="rectangle">
		<transform name="toWorld">
			<scale x="500" y="500"/>
			<translate x="0" y="0" z="0"/>
		</transform>
		<bsdf type="diffuse">
		</bsdf>
	</shape>

	<shape type="rectangle">
		<transform name="toWorld">
			<scale x="288.0" y="162.0"/>
			<rotate x="1" angle="180"/>
			<rotate z="1" angle="-30"/>
			<translate x="-60" y="50" z="1"/>
		</transform>
		<bsdf type="diffuse">
			<texture name="reflectance" type="bitmap">
				<string name="wrapMode" value="clamp"/>
				<string name="filterType" value="ewa"/>
				<string name="filename" value="textures/ColorHoneycombPeriodicTable2017.png"/>
			</texture>
		</bsdf>
		<boolean name="flipNormals" value="true"/>
	</shape>

	<shape type="obj">
		<transform name="toWorld">
			<scale x="12" y="12" z="2"/>
			<translate x="0" y="-235" z="120"/>
			<rotate z="1" angle="30"/>
		</transform>
		
		<string name="filename" value="meshes/MagnifyingGlass1.obj"/>

		<bsdf type="roughconductor">
			<float name="alpha" value="0.5"/>
			<string name="material" value="Al"/>
		</bsdf>

	</shape>

	<shape type="obj">
		<transform name="toWorld">
			<scale x="12" y="12" z="12"/>
			<translate x="0" y="-235" z="120"/>
			<rotate z="1" angle="30"/>
		</transform>
		
		<string name="filename" value="meshes/MagnifyingGlass2.obj"/>

		<bsdf type="roughconductor">
			<string name="material" value="Al"/>
		</bsdf>

	</shape>

	<shape type="obj">
		<transform name="toWorld">
			<scale x="12" y="12" z="12"/>
			<translate x="0" y="-235" z="120"/>
			<rotate z="1" angle="30"/>
		</transform>
		
		<string name="filename" value="meshes/MagnifyingGlass3.obj"/>

		<bsdf type="roughplastic">
			<spectrum name="diffuseReflectance" value="0.1"/>
		</bsdf>

	</shape>

	<shape type="rectangle">
		<transform name="toWorld">
			<scale x="70" y="70"/>
			<rotate x="1" angle="180"/>
			<translate x="0" y="0" z="120"/>
		</transform>
		<boolean name="flipNormals" value="true"/>

		<bsdf type="mask">
			<texture name="opacity" type="bitmap">
				<string name="wrapMode" value="clamp"/>
				<string name="filterType" value="ewa"/>
				<string name="filename" value="textures/drop_mask.exr"/>
			</texture>			
			<bsdf type="multilayered">
				<boolean name="bidir" value="true"/>
				<string name="pdf" value="bidirStochTRT"/>
				<integer name="stochPdfDepth" value="2"/>
				<integer name="pdfRepetitive" value="3"/>
				<float name="diffusePdf" value="0.1"/>
				<float name="maxSurvivalProb" value="1"/>

				<integer name="nbLayers" value="2"/>

				<bsdf type="roughdielectric" name="surface_0">
					<float name="extIOR" value="1.0"/>
					<float name="intIOR" value="1.62"/>
					<float name="alpha" value="0.001"/>
				</bsdf>
				<texture name="normal_tex_0" type="bitmap">
					<string name="wrapMode" value="clamp"/>
					<string name="filename" value="textures/drop_normal.exr"/>
				</texture>

				<texture name="sigmaT_tex_0" type="bitmap">
					<string name="wrapMode" value="clamp"/>
					<string name="filename" value="textures/drop_sigmaT.exr"/>
				</texture>
				<spectrum name="sigmaT_0" value="2"/>
				<spectrum name="albedo_0" value="0.99"/>
				<phase type="vmf" name="phase_0">
					<float name="kappa" value="100"/>
				</phase>

				<bsdf type="roughdielectric" name="surface_1">						
					<float name="extIOR" value="1.62"/>
					<float name="intIOR" value="1.0"/>
					<float name="alpha" value="0.001"/>
				</bsdf>
				<texture name="normal_tex_1" type="bitmap">
					<string name="wrapMode" value="clamp"/>
					<string name="filename" value="textures/drop_normal2.exr"/>
				</texture>	
				
			</bsdf>
		</bsdf>
	</shape>


</scene>