<?xml version="1.0" encoding="utf-8"?>

<scene version="0.6.0">
	
	<integrator type="path_layered">
		<integer name="maxDepth" value="-1"/>
		<integer name="rrDepth" value="50"/>
	</integrator>

	<sensor type="perspective">
		<string name="fovAxis" value="smaller"/>
		<float name="fov" value="15"/>
		
		<transform name="toWorld">
			<lookAt origin="0 -400 400" target="0 0 0" up="0 1 0"/>
		</transform>	

		<sampler type="independent">
			<integer name="sampleCount" value="56"/>
		</sampler>	
 		
 		<film id="film" type="hdrfilm">
			<integer name="width" value="256"/>
			<integer name="height" value="256"/>
			<string name="fileFormat" value="openexr"/>
			<boolean name="banner" value="false"/>
		</film>
	</sensor>

	<shape type="rectangle">
		<transform name="toWorld">
			<scale x="200" y="200"/>
			<rotate x="1" angle="0"/>
			<translate x="0" y="0" z="0"/>
		</transform>

		<bsdf type="multilayered">
			<boolean name="bidir" value="false"/>
			<string name="pdf" value="bidirStochTRT"/>
			<integer name="stochPdfDepth" value="2"/>
			<integer name="pdfRepetitive" value="1"/>
			<float name="diffusePdf" value="0.1"/>
			<float name="maxSurvivalProb" value="1"/>
			
			<integer name="nbLayers" value="2"/>

			<bsdf type="roughdielectric" name="surface_0">
				<float name="extIOR" value="1.0"/>
				<float name="intIOR" value="1.5"/>
				<float name="alpha" value="0.05"/>
			</bsdf>
			
			<spectrum name="sigmaT_0" value="1"/>
			<spectrum name="albedo_0" value="0.5 0.7 0.95"/>
			<phase name="phase_0" type="hg">
				<float name="g" value="0.5"/>
			</phase>	
		
			<bsdf type="roughconductor" name="surface_1">
				<float name="alpha" value="0.05"/>
			</bsdf>		
		</bsdf>

	</shape>


	<shape type="sphere">
		<transform name="toWorld">
			<scale value="10"/>
			<translate x="0" y="100" z="100"/>
		</transform>

		<bsdf type="diffuse"/>
		
		<emitter type="area">
			<spectrum name="radiance" value="50"/>
		</emitter>
	</shape>



</scene>